sifra_bs;naziv;brend;adresa;mesto;gps_lat;gps_lon
091;B.S. SOKOBANJA 2;1;Alekse Markišića b.b.;ZAJECAR;43.65323300;21.84244000
093;B.S. VELIKA  PLANA  - AUTOPUT DESNA;1;Autoput Beograd - Niš;VELIKA PLANA;44.34491900;21.07842900
094;B.S. LEŠTAR;1;Petrijevska bb;SMEDEREVO;44.65397400;20.91078000
141;B.S. PRELJINA 2;2;Preljina bb;PRELJINA;43.91299700;20.40825200
158;PRODAVNICA  RNP;1;Spoljnostarčevačka 199;PANCEVO;44.88239000;20.66135600
187;B.S. STARA MORAVICA;1;Svetog Stevana bb;STARA MORAVICA;45.86929300;19.46755900
189;B.S. KANJIŽA 2;1;Subotički put 55;KANJIZA;46.07236900;20.05586400
200;B.S. BAJMOK;1;Subotički put bb;BAJMOK;45.96928600;19.43363400
231;B.S. PALIĆ;1;Splitska aleja bb;PALIC;46.10234500;19.76210800
252;B.S. DOLOVO;1;Kralja Petra bb;PANCEVO;44.89706700;20.87496800
254;B.S.  AERODROM;1;Dimitrija Tucovića bb;PANCEVO;44.88567400;20.63129400
263;B.S. LESKOVAC GRAD 5;1;Stanoja Glavaša bb;LESKOVAC;42.99377200;21.93122100
274;B.S. PLINARA;2;Miloša Obrenovića 8;PANCEVO;44.86893700;20.65719400
281;B.S. KOVIN;1;Smederevski put bb;KOVIN;44.73238000;20.96601200
282;B.S. OPOVO;1;Beogradska bb;OPOVO;45.05205600;20.42040800
300;B.S. VRŠAC 1;1;Miloša Obilica 1;VRSAC;45.12840300;21.28854300
301;B.S. VRŠAC 2;1;Beogradski put bb;VRSAC;45.10713800;21.28105400
305;B.S. SUBOTICA 1;1;Beogradski put 223;SUBOTICA;46.06492300;19.68110600
306;B.S. SUBOTICA 2;1;Puškinov trg bb;SUBOTICA;46.09655100;19.67078400
308;B.S. SUBOTICA 4;1;Somborski put bb;SUBOTICA;46.08959900;19.64514300
309;B.S. ULJMA;1;Žarka Zrenjanina bb;ULJMA;45.04527600;21.15417500
314;B.S. SENTA 1;1;Petefi Šandora bb;SENTA;45.93182100;20.06852400
315;B.S. SENTA 2;1;Novosadski put bb;SENTA;45.91499800;20.08358700
339;B.S. KRAGUJEVAC 7 - ELEKTROŠUMADIJA;2;Miodraga Vlajića Šuke b.b.;KRAGUJEVAC;44.02837500;20.91820500
342;B.S. PANČEVO 2;1;Novoseljanski put bb;PANCEVO;44.88239000;20.66135600
343;B.S. PANČEVO 3;1;Spoljnostarčevačka bb;PANCEVO;44.84958200;20.66234400
346;B.S. SRPSKA CRNJA;1;Kralja Aleksandra bb;SRPSKA CRNJA;45.72883100;20.69620400
347;B.S. RUSKO SELO;1;Bratstva jedinstva bb;RUSKO SELO;45.75829300;20.57709200
348;B.S. NOVI KNEŽEVAC;1;Karađorđeva 113;NOVI KNEZEVAC;46.02889500;20.09307100
355;B.S. ČOKA;1;Put za Kikindu bb;COKA;45.93534000;20.14034300
356;B.S. LEŠTANE;1;Kružni put br.26;GROCKA;44.66468100;20.72845500
358;B.S. MOKRIN;1;Branka Bačulova bb;KIKINDA;45.93360200;20.42111600
361;B.S. KIKINDA 3;1;Kralja Petra I bb;KIKINDA;45.83747100;20.47789300
362;B.S. KIKINDA 4;1;Beogradski put bb;KIKINDA;45.81655000;20.43697400
364;B.S. KUMANE;1;Odadžić Ljubice bb;KUMANE;45.53453200;20.22911300
365;B.S. NOVI BEČEJ;1;Ive Lole Ribara 46;NOVI BECEJ;45.58733900;20.14251000
367;B.S. ADA;1;Molski put bb;ADA;45.78322600;20.13622300
368;B.S. KRUŠEVAC 5;1;Kosovska bb;KRUSEVAC;43.57187200;21.32924800
369;B.S. ŽITIŠTE;1;Temišvarski drum bb;SIMANOVCI;45.48101700;20.55301700
371;B.S. KOVAČICA;1;JNA BB;KOVACICA;45.11333900;20.61842000
378;B.S. TOMAŠEVAC;1;Željeznička bb;ZRENJANIN;45.24871600;20.60560900
381;B.S. ZRENJANIN 1;1;Brigadira Ristića bb;ZRENJANIN;45.38229000;20.38399500
382;B.S. ZRENJANIN 2;1;Beogradski put bb;ZRENJANIN;45.34862300;20.42296200
383;B.S. ZRENJANIN 3;1;Pančevačka BB;ZRENJANIN;45.34862000;20.42296000
384;B.S. ZRENJANIN 4;1;Miletićeva bb;ZRENJANIN;45.38484300;20.41173900
387;B.S. ZRENJANIN 7;1;Žarka Zrenjanina bb;ZRENJANIN;45.39870500;20.37732100
388;B.S. ZRENJANIN 8;1;Beogradska bb;ZRENJANIN;45.37570200;20.40995800
389;B.S. ZRENJANIN 9;1;Titelski red bb;ZRENJANIN;45.36424400;20.39107600
390;B.S. ČANTAVIR;1;Topolački put bb;CANTAVIR;45.92568400;19.74880500
391;B.S. STARI BANOVCI - AUTOPUT;1;Auto put BG-NS;STARI BANOVCI;44.97141800;20.23351200
393;B.S. BEOČIN;1;Kamenički put bb;ZABALJ;45.20854700;19.73217500
394;B.S. SREMSKI KARLOVCI;1;Preradovićeva bb;SREMSKI KARLOVCI;45.20339700;19.93801800
395;B.S. INĐIJA 1;1;Kralja Petra I;INDJIJA;45.04117700;20.08809300
396;B.S. INĐIJA 2;1;Vojvode Putnika bb;INDJIJA;45.05373000;20.09757800
399;B.S. IRIG;1;Rumski put bb;IRISKI VENAC;45.08379200;19.85577100
403;B.S. KLJAJIĆEVO;1;Lenjinova bb;KLJAJICEVO;45.76689700;19.29184200
410;B.S. VRBAS 1;1;Srbobranski put BB;VRBAS;45.57199700;19.66469000
412;B.S. VRBAS 3;1;Kulski put bb;VRBAS;45.58279000;19.61750500
414;B.S. STANIŠIĆ;1;Oslobođenja bb;SOMBOR;45.93377400;19.16586400
419;B.S. KULA;1;Marsala Tita bb;KULA;45.60718800;19.54356200
420;B.S. CRVENKA;1;Marsala Tita bb;CRVENKA;45.66278500;19.44670200
421;B.S. GORNJI MILANOVAC 2;1;Obilazni  put bb;GORNJI MILANOVAC;44.01807500;20.46353800
423;B.S. APATIN-MARINA;1;Dunavska obala bb;APATIN;45.68640900;18.98424600
424;B.S. APATIN 2;1;Somborska bb;APATIN;45.68640900;18.98424600
426;B.S. SIVAC;1;Marsala Tita bb;SIVAC;45.70694400;19.38067700
431;B.S. SOMBOR 1;1;Venac Vojvode Petra Bojovića bb;SOMBOR;45.77065200;19.11290700
432;B.S. SOMBOR 2;1;Filipa Kljajica bb;SOMBOR;45.76696200;19.13453600
433;B.S. SOMBOR 3;1;Konjoviceva bb;SOMBOR;45.78359100;19.11897900
434;B.S. ČAČAK 3;1;Bulevar oslobodilaca bb;CACAK;43.88068200;20.32992100
436;B.S. KISAČ;1;Dr. Janka Gombara bb;KISAC;45.34727100;19.72676800
439;B.S. ZMAJEVO;1;Ive Lole Ribara bb;VRBAS;45.45387300;19.68741400
440;B.S. BEČEJ;1;Gerberovih bb;BECEJ;45.61600700;20.05011300
441;B.S. DOLJEVAC GRAD;1;Selo Kočane b.b. Doljevac;DOLJEVAC;43.19191200;21.83378200
442;B.S. BAČKO PETROVO SELO;1;Patrijarha V.Prodanova 1;BAcKO PETROVO SELO;45.70301800;20.08657000
445;B.S. SRBOBRAN 1;1;Novosadski put bb;SRBOBRAN;45.53307300;19.78961700
450;B.S. DURLAN;1;Knjaževačka b.b;NIS;43.32971300;21.94150000
452;B.S. FONTANA;2;Gornja Toponica, autoput Niš-Beograd;NIS;43.38561100;21.80766800
453;B.S. TRGOVIŠTE;1;Ulica JNA  br 3;TRGOVISTE;42.36489100;22.07960100
454;B.S. BRANIČEVO;1;Golubački put bb;GOLUBAC;44.69939900;21.53652900
455;B.S. PRIJEPOLJE;1;Kolovrat bb;PRIJEPOLJE;43.36576200;19.63492900
469;B.S. ČURUG;1;Svetozara Miletića bb;NOVI SAD;45.46865700;20.05425500
475;B.S. NAIS;2;Gornja Toponica, autoput Beograd-Niš;NIS;43.37988100;21.80929900
476;B.S. ŠAJKAŠ;1;Novosadski put bb;NOVI SAD;45.27326400;20.08129100
477;B.S. KRAGUJEVAC 6;1;Avalska b.b.;KRAGUJEVAC;44.02741000;20.91219700
480;B.S. ĐURĐEVO;1;Kralja Petra bb;DJURDJEVO;45.31635000;20.06830900
481;B.S. NOVI SAD 1;2;Maksima Gorkog 1;NOVI SAD;45.24944500;19.84457000
483;B.S. NOVI SAD 3;1;Braće Ribnikara bb;NOVI SAD;45.24910200;19.83302600
484;B.S. NOVI SAD 4;1;Futoški put   93/d;NOVI SAD;45.24399500;19.79399400
485;B.S. NOVI SAD 5;1;Sent Andrejski put bb;NOVI SAD;45.27225500;19.83092300
486;B.S. NOVI SAD 6;1;Karlovački drum bb;NOVI SAD;45.23146400;19.89338600
487;B.S. NOVI SAD 7;1;Rumenački put bb;NOVI SAD;45.26871400;19.81148200
488;B.S. NOVI SAD 8;1;Ćirila i Metodija bb;NOVI SAD;45.23755800;19.81547400
491;B.S. NOVI SAD 10;1;Sent Andrejski put bb;NOVI SAD;45.27221200;19.83053700
492;B.S. NOVI SAD 11;1;Bulevar Cara Lazara bb;NOVI SAD;45.24290100;19.83933400
495;B.S. PIVNICE;1;Put za Ratkovo bb;PIVNICE;45.47114600;19.44309700
496;B.S. NOVI SAD 16;1;Auto put NS-BG;NOVI SAD;45.27581700;19.92149600
498;B.S. SILBAŠ;1;Nikole Tesle bb;SILBAS;45.38793300;19.46080000
502;B.S. ALEKSINAC GRAD;1;Šumatovačka b.b.;ALEKSINAC;43.53628600;21.71089400
504;B.S. ARANĐELOVAC 1;1;Zanatlijska br. 1;ARANDJELOVAC;44.30133800;20.57526800
505;B.S. BELA PALANKA;1;Srpskih vladara;BELA PALANKA;43.22480700;22.29553000
506;B.S. ČUKARICA;1;Radnička 2;BEOGRAD;44.78621700;20.41536600
508;B.S. NOVI BEOGRAD;2;Bulevar Mihajla Pupina bb;BEOGRAD;44.81415500;20.43643700
509;B.S. ZMAJ 2;1;Autoput Bgd-Zagreb ulaz;BEOGRAD;44.83104200;20.36923200
510;B.S. VALJEVO 1;1;Vuka Karadžića;VALJEVO;44.26807900;19.88662700
511;B.S. ČARLI ČAPLINA;1;Bulevar Despota Stefana bb;BEOGRAD;44.81683700;20.47737800
512;B.S. MIJE KOVAČEVIĆA;1;Mije Kovacevica 7b;BEOGRAD;44.81383300;20.48975900
514;B.S. TAŠMAJDAN;1;Ilije Garašanina bb;BEOGRAD;44.80870500;20.47428800
517;B.S. NOVI PAZAR 2;1;S. Kovačevića bb;NOVI PAZAR;43.14642200;20.52780400
518;B.S. VALJEVO 2;1;Vladike Nikolaja 67;VALJEVO;44.27565300;19.90986600
519;B.S. VALJEVO 3;1;Popucke;VALJEVO;44.29266900;19.95992700
522;B.S. TOPČIDER;1;Rakovački put bb;BEOGRAD;44.77338600;20.43772500
523;B.S. TRG OSLOBOĐENJA;1;Bulevar oslobođenja bb;BEOGRAD;44.78701100;20.46542600
524;B.S. ĐAČKO OSTRVO;2;Vizantijski bulevar bb;NIS;43.32419900;21.92650100
525;B.S. FRANCUSKA;1;Francuska 1;BEOGRAD;44.82022800;20.46705700
526;B.S. GOSPODAR JEVREMOVA;1;Gospodar Jevremova bb;BEOGRAD;44.82280200;20.45540600
528;B.S. AVALSKI PUT;2;Bulevar oslobodenja 343;BEOGRAD;44.76061800;20.48109000
529;B.S. FRANJO KRČ;1;Batajnički drum BB;BEOGRAD;44.67875700;20.30370000
530;B.S. SENJSKI TRG;1;Senjski trg bb, Zemun;BEOGRAD;44.84260800;20.40508700
531;B.S. SAOBRAĆAJNA ŠKOLA;1;Cara Dušana 262, Zemun;BEOGRAD;44.85876600;20.37974600
533;B.S. AERODROM SURČIN;1;Aerodrom Surčin bb, Surčin;BEOGRAD;44.81743800;20.28865800
535;B.S. VML 1;1;Autoput Beograd-Niš bb;BEOGRAD;44.76460900;20.52666700
536;B.S. VML 2;1;Autoput Niš-Beograd bb;BEOGRAD;44.76501700;20.52720300
539;B.S. BUJANOVAC GRAD 1;1;K. Petrovića br 1;BUJANOVAC;42.45387600;21.76958100
540;B.S. ČAČAK 1;1;Ulica 10;CACAK;43.89520900;20.35041300
541;B.S. PRELJINA 1;1;Ibarski put bb;PRELJINA;43.91353400;20.40727600
545;B.S. GORNJI MILANOVAC 1;1;Kneza Aleksandra bb;GORNJI MILANOVAC;44.03041400;20.46740100
546;B.S. IVANJICA;1;Milinka Kušica bb;IVANJICA;43.58868600;20.22413500
549;B.S. KRAGUJEVAC 1;1;R.Domanovića b.b.;KRAGUJEVAC;44.01653100;20.90719700
550;B.S. KRAGUJEVAC 2;1;Lepenički bulevar b.b.;KRAGUJEVAC;44.01878400;20.92959900
551;B.S. KRALJEVO 1;1;Dositejeva bb;KRALJEVO;43.72599400;20.71641700
552;B.S. KRUŠEVAC 1;1;Gazimestanski trg BB;KRUSEVAC;43.58598200;21.32242400
555;B.S. PREDEJANE;1;Predejane, autoput;PREDEJANE;42.83320400;22.13122800
556;B.S. NOVO MIRIJEVO;1;Mihaila Bulgakova 2;BEOGRAD-KARABURMA;44.78585200;20.53698800
557;B.S. MAJDANPEK;1;Rudarska 14;MAJDANPEK;44.41995600;21.93499800
558;B.S. MALI ZVORNIK;1;Vuka Karadžića bb;MALI ZVORNIK;44.39021600;19.10887200
559;B.S. MRČAJEVCI;1;MRČAJEVCI;MRCAJEVCI;43.86381600;20.54162300
560;B.S. NEGOTIN 1;1;Pikijeva b.b.;NEGOTIN;44.23578500;22.53568400
561;B.S. NIŠ 1;1;Trg Pavla Stojkovića bb;NIS;43.31683900;21.89302700
562;B.S. NIŠ AUTOPUT;1;Gradsko polje bb;NIS;43.32934856;21.89776897
563;B.S. MEDIJANA 1;1;Bulevar Cara Konstantina bb;NIS;43.31113100;21.93199400
565;B.S. PARAĆIN 1;1;T. Živanovića bb;PARACIN;43.87267800;21.39898500
568;B.S. POŽAREVAC 1;1;Čede Vasovića 1;POZAREVAC;44.61700200;21.18288500
569;B.S. ŽABARI;1;Planjanski put bb;ZABARI;44.35699900;21.20741100
570;B.S. PROKUPLJE 1;1;Koste Vojinovica bb;PROKUPLJE;43.23128700;21.57030300
571;B.S. RAŠKA-GRAD;1;Železnička bb;RASKA;43.28922300;20.61683200
572;B.S. RAŽANJ;1;Partizanska 163;RAZANJ;43.67857200;21.54605600
575;B.S. BEOGRAD SEVER;1;Bulever Kralja Aleksandra 457;BEOGRAD;44.78156090;20.52334070
576;B.S. JAGODINA 1;1;Ulica 7. jula;JAGODINA;43.97713400;21.25725700
577;B.S. ŠABAC 1;1;Pocerska bb;SABAC;44.73935400;19.67438900
578;B.S. UŽICE GRAD 1;2;Omladinska bb;UZICE;43.85205800;19.84519200
580;B.S. TOPOLA;1;Bulevar Vožda Karađorđa;TOPOLA;44.25735000;20.68240600
581;B.S. UŠĆE;1;Ušće bb;USCE;43.46989600;20.61807600
583;B.S. VELIKA  PLANA  - GRAD 1;1;28 oktobra bb;VELIKA PLANA;44.32043600;21.08025300
584;B.S. BAČKA PALANKA;1;Obrovački put bb;BACKA PALANKA;45.25354400;19.38140600
587;B.S. VRNJAČKA  BANJA;2;Kneza Miloša bb;VRNJACKA BANJA;43.63829600;20.91852700
588;B.S. ZAJEČAR 1;1;Ljube Nešića 147;ZAJECAR;43.89823400;22.28527300
595;B.S. BOR 1;1;Nikole Pašića 56;BOR;44.06770700;22.09910600
596;B.S. RADINAC;1;Radinac;RADINAC;44.61640100;20.96193600
597;B.S. KLADOVO;1;Karataški put b.b.;KLADOVO;44.62213000;22.58733300
599;B.S. PRIBOJ;1;29. oktobra br. 47;PRIBOJ NA LIMU;43.56113400;19.54296100
601;B.S. ŽELEZNIK;1;Avalska 1;BEOGRAD;44.72853900;20.37534700
602;B.S. NACIONAL;1;Bežaniska kosa (Motel Nacional);BEOGRAD;44.82623600;20.38678400
604;B.S. ŽARKA ZRENJANINA;1;Vojvode Šupljikca 44;BEOGRAD;44.79823400;20.48636900
605;B.S. GRČIĆA MILENKA;1;Grčića Milenka 15;BEOGRAD;44.79256900;20.48988800
612;B.S. TABANOVAČKA;1;Tabanovačka 1;BEOGRAD;44.78540200;20.47422400
613;B.S. XI GIMNAZIJA;1;Grčića Milenka 71a;BEOGRAD;44.78782700;20.48838600
614;B.S. VASE PELAGIĆA;1;Andre Nikolića bb;BEOGRAD;44.78836300;20.44070700
619;B.S. ČELAREVO;1;Topolački put bb;CELAREVO;45.25390900;19.48787900
628;B.S. UGRINOVAČKA;1;Ugrinovačka 137, Zemun;BEOGRAD;44.84964600;20.38843600
630;B.S. BLAGOJA PAROVIĆA;1;Požeška 85;BEOGRAD;44.77430800;20.41390700
631;B.S. VAREŠKA;1;Vareška bb;BEOGRAD;44.75074800;20.44821700
633;B.S. VARVARIN;1;Jove Kursule bb;VARVARIN;43.72419100;21.37085400
634;B.S. DESPOTOVAC;1;Rudnička 80;DESPOTOVAC;44.10543000;21.42977700
635;B.S. KURŠUMLIJA;1;16.februar 54;KURSUMLIJA;43.13766700;21.27298600
636;B.S. DIMITRIJA TUCOVIĆA;1;Dimitrija Tucovića bb;BEOGRAD;44.80640900;20.48366500
638;B.S. JOVANA MARINOVIĆA;1;Jovana Marinovića 22;BEOGRAD;44.77636800;20.45650000
639;B.S. SURČIN SELO;1;Vojvođanska 237;BEOGRAD;44.79561600;20.29923700
641;B.S. BATAJNICA;1;Majora Zorana Radosavljevića 151;BEOGRAD;44.89925600;20.28741400
643;B.S. ŽITKOVAC;1;Ratka Jovića bb;ZITKOVAC;43.50822000;21.69445800
646;B.S. BRAĆE JERKOVIĆ;1;Darvinova bb;BEOGRAD;44.77280600;20.48619700
648;B.S. DŽONA KENEDIJA;1;Džona Kenedija 10;BEOGRAD;44.83370300;20.41101000
649;PRODAVNICA KPC;1;Milentija Popovića 1;NOVI BEOGRAD;44.81416000;20.43644000
650;B.S. POP LUKINA;1;Pop Lukina 12;BEOGRAD;44.81572200;20.45291700
652;B.S. SMEDEREVSKI PUT;1;Bulevar Kralja Aleksandra 520;BEOGRAD;44.77469400;20.53608700
653;B.S. FUTOG;1;Rade Kondica bb;FUTOG;45.23916700;19.70185500
655;B.S. KNJAŽEVAC 1;1;Knjaza Miloša bb;KNJAZEVAC;43.57149800;22.26379400
657;B.S. ŽARKOVO 1;2;Trgovačka 74;BEOGRAD;44.75137000;20.41227600
658;B.S. ŽARKOVO 2;2;Trgovačka 91;BEOGRAD;44.75132700;20.41287700
659;B.S. 1000 RUŽA;1;Avalski put bb;BEOGRAD;44.71536400;20.50396400
660;B.S. LIPOVICA 1;1;Bgd.-Lazarevac bb, Barajevo;BEOGRAD;44.63888000;20.41246900
662;B.S. KRALJEVO 2;1;Čibukovac bb;KRALJEVO;43.72191700;20.64477000
664;B.S. PETROVAC NA MLAVI;1;Srpskih Vladara bb;PETROVAC NA MLAVI;44.38716900;21.40999300
666;B.S. BOLJEVAC;1;Dragiše Petrovića b.b.;BOLJEVAC;43.82678000;21.94510500
667;B.S. LOZNICA;1;Luke Stevića bb;LOZNICA;44.53722200;19.22347800
668;B.S. LEBANE;1;Cara Dušana bb;LEBANE;42.92171700;21.74190000
674;B.S. BOGATIĆ;1;Mike Mitrovića bb;BOGATIC;44.83428200;19.47758000
675;B.S. KOSTOLAC;1;Karađorđeva br 28;KOSTOLAC;44.71137300;21.17844300
676;B.S. ARANĐELOVAC 2;1;Zanatlijska bb;ARANDJELOVAC;44.30281900;20.58743500
679;B.S. NOVA VAROŠ;1;Magistralni put bb;NOVA VAROS;43.45946800;19.81978600
681;B.S. OBRENOVAC GRAD;1;Cara Lazara 1;BEOGRAD;44.65043300;20.19323600
683;B.S. NOVI PAZAR 1;1;M. Jovanovića  br. 1;NOVI PAZAR;43.14461900;20.51389900
684;B.S. BCA 1;1;Južni bulevar 70;BEOGRAD;44.79312700;20.47748600
685;B.S. BCA 2;1;Južni bulevar 73;BEOGRAD;44.79359900;20.47911600
688;B.S. KUČEVO;1;Svetog Save br. 301;KUCEVO;44.47212000;21.67784900
690;B.S. VALJEVO 4;1;Obilazni put;VALJEVO;44.27382900;19.92439300
694;B.S.  POŽAREVAC 2;1;Sinđelićeva 1;POZAREVAC;44.62238800;21.18314300
696;B.S. ALEKSANDROVAC;1;Kralja A. Obrenovica bb;ALEKSANDROVAC  PO;44.44349500;21.21395600
698;B.S. BUJANOVAC GRAD 2;1;K. Petrovića br 183;BUJANOVAC;42.46130000;21.76657700
699;B.S. UMKA;1;13. oktobra 45;BEOGRAD;44.67875700;20.30370000
700;B.S. VLADIČIN HAN;1;Nikole Tesle br 3b;VLADICIN HAN;42.70692600;22.06149100
701;B.S. ŽAGUBICA;1;Trg J.Šerbanovića bb;ZAGUBICA;44.19720400;21.78717600
704;B.S. BARAJEVO;1;Svetosavska bb;BEOGRAD;44.57728400;20.41261900
705;B.S. ČAČAK 2;1;Svetog  Save bb;CACAK;43.89012300;20.34339700
706;B.S. LEDENA STENA;1;Dimitrija Tucovića bb;NIS;43.31546600;21.86466000
707;B.S. JAGODINA 2;1;Knjeginje Milice bb;JAGODINA;43.96932400;21.27131200
708;B.S. LAZAREVAC-GRAD;1;Dula Karaklajića;ZEMUN;44.38139700;20.25765200
712;B.S. SREMSKA  KAMENICA;1;Vojvode Putnika br 83;SREMSKA KAMENICA;45.24290100;19.83933400
714;B.S. ŽITORAĐA;1;Topličkih heroja 1 a;ZITORADJA;43.18723400;21.72514200
715;B.S. VLASOTINCE;1;29. novembra bb;VLASOTINCE;42.96371000;22.11554300
716;B.S. BRUS;1;Kralja Petra bb;BRUS;43.37940900;21.04111400
717;B.S. BLACE;1;Kralja Petra 4;BLACE;43.29563900;21.29686800
718;B.S. KRAGUJEVAC 3;1;Kraljevački bataljon;KRAGUJEVAC;43.99846300;20.88383000
720;B.S. KOLARI;1;Autoput Beograd - Niš;KOLARI;44.57593200;20.89204800
721;B.S. LOZOVIČKA ČESMA;1;Autoput Beograd - Niš;VELIKA PLANA;44.46937300;21.03804600
723;B.S. LOZOVIK;1;M. Miloševića bb;LOZOVIK;44.47484500;21.07948100
725;B.S. ZAJEČAR 3;1;Negotinski put bb;ZAJECAR;43.91183900;22.29218200
727;B.S. ODŽACI;1;Somborski put bb;ODZACI;45.51513400;19.24828300
730;B.S. VRANJE-GRAD;1;Trg bratstva i jedinstva bb;VRANJE;42.54438400;21.89927100
732;B.S. STAPAR;1;Karađorđev plac bb;STAPAR;45.66362100;19.20131200
734;B.S. KRUŠEVAC 2;1;Savska bb;KRUSEVAC;43.59130400;21.35446100
735;B.S. KRUŠEVAC 3;1;Blagoja Parovića bb;KRUSEVAC;43.57010400;21.33785200
739;B.S. ARILJE;1;Stevana Čolovića 21;ARILJE;43.75790100;20.09283500
745;B.S. VELIKA  PLANA   GRAD 2;1;Vojvode Mišića 1;VELIKA PLANA;44.33633600;21.07598300
747;B.S. SVILAJNAC;1;Visokog Stevana bb;SVILAJNAC;44.23291000;21.18616800
748;B.S. BABUŠNICA;1;Selo Izvor, Babušnica;BABUSNICA;43.08344400;22.39949200
751;B.S. UŽICE GRAD 2;1;Radničkog bataljona bb;UZICE;43.85931000;19.82540800
752;B.S. STOPANJA;1;Stopanja;STOPANJA;43.57772100;21.15494700
753;B.S. CRNA TRAVA;1;Milentija Popovića b.b.;CRNA TRAVA;42.80880700;22.30132300
754;B.S. PROKUPLJE 2;1;Milića Rakića bb;PROKUPLJE;43.23126500;21.59148200
755;B.S. SVRLJIG;1;Radetova 30;SVRLJIG;43.41747500;22.12522000
757;B.S. NEGOTIN 4;1;Zaječarski put bb;NEGOTIN;44.23215900;22.50725300
758;B.S. RATKO PAVLOVIĆ;1;Ratko Pavlović bb;NIS;43.32849000;21.90830500
761;B.S. LESKOVAC GRAD 3;1;Kralja Petra I bb;LESKOVAC;42.99018900;21.96214200
762;B.S. KRALJEVO 3;1;Olge Jovičić bb;KRALJEVO;43.72786100;20.68832900
763;B.S. PODUNAVCI;1;Podunavci bb;KRALJEVO;43.67258500;20.83037900
764;B.S. RESNIK;1;13. oktobra 409;BEOGRAD;44.71339000;20.45296000
767;B.S. LESKOVAC GRAD 4;1;Radnička bb;LESKOVAC;42.98581100;21.95501800
771;B.S. JAGODINA 3;1;Kneza Lazara bb;JAGODINA;43.98556700;21.25101300
772;B.S. BOR 4;1;Nade Dimić 2;BOR;44.05723600;22.10558700
776;B.S. ĆUPRIJA MOST;1;Beogradska bb;JAGODINA;43.93878900;21.36551100
777;B.S. POŽEGA;1;Nikole Pašića br. 8;POZEGA;43.84373200;20.03642300
778;B.S. MEDVEĐA;1;Jablanička 158;MEDVEDJA;42.83508600;21.58425100
780;B.S. TRSTENIK 1;1;Čairi;TRSTENIK;43.61314800;21.01480700
782;B.S. MEDIJANA 2;1;Bulevar Cara Konstantina bb;NIS;43.31010100;21.93536300
784;B.S. TEMERIN;1;Novosadski put bb;TEMERIN;45.42147200;19.89293600
788;B.S. CARINA;1;Vojvode Stepe bb;SMEDEREVO;44.65333000;20.92708800
790;B.S. ZMAJ 1;1;Autoput Bgd-Zagreb izlaz;BEOGRAD;44.83183600;20.36974700
791;B.S. ZEMUN POLJE;1;Bertrama Rasela bb;BEOGRAD;44.87363600;20.32650900
797;B.S. PREŠEVO GRAD;1;15. novembar 84;PRESEVO;42.30583900;21.65276500
798;B.S. SEVOJNO 2;1;Prvomajska bb;SEVOJNO;43.83568500;19.88274300
799;B.S. POŽAREVAC 3;1;Beogradski put bb;POZAREVAC;44.60372000;21.12819000
800;B.S. PLATIČEVO;1;Put za Šabac;PLATICEVO;44.80930600;19.75425500
802;B.S. PIROT 2;1;Selo Poljska Ržana;PIROT;43.12706700;22.61572100
804;B.S. BAJINA BAŠTA;1;Svetosavska 4/1;BAJINA BASTA;43.97387300;19.56819500
806;B.S. KOCELJEVA 2;1;Valjevski put bb;KOCELJEVA;44.46744200;19.82401400
807;B.S. GROCKA  2;1;Bulevar Revolucije bb;BEOGRAD;44.67352200;20.71669600
809;B.S. RUDARE;1;Selo Rudare bb;NIS;43.06305900;21.31770400
810;B.S. MALI POŽAREVAC;2;Autoput Niš - Beograd;POZAREVAC;44.57421500;20.64901800
811;B.S. KREPOLJIN;1;Trg Slobode br.8;KREPOLJIN;44.25853000;21.60249000
813;B.S. RAŠKA-IZLAZ;1;Varevo bb;RASKA;43.31012200;20.61460000
815;B.S. KRAGUJEVAC 5;1;Lepenički bulevar bb;KRAGUJEVAC;44.01863300;20.93017800
816;B.S. MIRIJEVSKI BULEV;1;Mirijevski bulevar BB;BEOGRAD;44.81416000;20.43644000
820;B.S. SERVIS;1;Kralja Petra I br. 7;MLADENOVAC;44.45139170;20.68345794
821;B.S. TRSTENIK 2;1;Kneginje MIlice bb;TRSTENIK;43.61600200;21.01169600
827;B.S. KRUPANJ;1;V. Zečevića 158;KRUPANJ;44.36373700;19.37876700
830;B.S. BIP;1;Franše D Eperea bb;BEOGRAD;44.79516500;20.45759400
831;B.S. SREMČICA;1;Beogradska 1;BEOGRAD;44.68950700;20.38159100
832;B.S. SOPOT;1;Miroslava Vlajića bb;SOPOT;44.52230900;20.57610500
834;B.S. LJIG 1;1;Ravnogorska;LJIG;44.22398300;20.23795400
835;B.S. SEVOJNO 1;1;Prvomajska bb;SEVOJNO;43.83585700;19.88255000
836;B.S. KOSJERIĆ;1;Kneza Miloša 44;KOSJERIC;43.99389300;19.91282700
837;B.S. ADAŠEVCI;1;Auto-put BG-ZG;PLATICEVO;45.04137000;19.26369000
841;B.S. LJIG 2;1;Ravnogorska;LJIG;44.21769600;20.22825500
842;B.S. MIONICA;1;Toplički put bb;MIONICA;44.25466800;20.09202000
846;B.S. DEBRC;1;Obrenovački put bb;DEBRC;44.62322500;19.88467400
847;B.S. MEROŠINA;1;Cara Lazara bb;MEROSINA;43.28405100;21.72188000
849;B.S. SURDULICA;1;Belo Polje;SURDULICA;42.70100400;22.14794400
850;B.S. SELTERS;1;Kralja Petra I bb;MLADENOVAC;44.42933300;20.68603300
859;B.S. STARA  ŽELEZARA;1;Goranska bb;SMEDEREVO;44.66352200;20.90812000
861;B.S. KRUŠEVAC 4;1;Miloša Obilića BB;KRUSEVAC;43.57675600;21.35321600
862;B.S. ZLATIBOR;2;Magistralni put;UZICE;43.72554300;19.70661900
868;B.S. PIROT 3;1;Nikole Pašića bb;PIROT;43.17824400;22.57823500
869;B.S. ERDEVIK;1;Svetog Save bb;Erdevik;45.11724500;19.40741300
871;B.S. UB;1;Svete Popovića;UB;44.46068300;20.06910300
872;B.S. PRNJAVOR;1;Arčibalda Rajsa bb;PRNJAVOR(MACVANSKI);44.70650200;19.40949400
878;B.S. VRANJE AUTOPUT 2;1;Partizanski put 300;VRANJE;42.52850500;21.90512900
879;B.S. VUČJE;1;L. Stamenkovića bb;VUCJE;42.87146300;21.91045000
880;B.S. BRESTOVAC;1;Trg Slobode bb;BRESTOVAC;43.15240900;21.87940100
881;B.S. DONJI MILANOVAC;1;Kralja Petra I bb;DONJI MILANOVAC;44.46480300;22.14959600
882;B.S. LAJKOVAC;1;Vukašina Zurovca;LAJKOVAC;44.37107600;20.16774400
883;B.S. DIMITROVGRAD GRAD;1;Balkanska 101 b;DIMITROVGRAD;43.01252600;22.76809200
884;B.S. OSEČINA;1;Karađorđeva;OSECINA;44.36961700;19.60510300
887;B.S. SAVA MOST;1;Jevrejska bb;SABAC;44.75216400;19.70681200
888;B.S. ŠOPIĆI 1;1;Ibarski put;LAZAREVAC;44.39139600;20.23962700
890;B.S. STEPOJEVAC;1;Ibarski put;BEOGRAD;44.51078700;20.29434400
891;B.S. PLANDIŠTE;1;Hajduk Veljka bb;PLANDISTE;45.22946800;21.12239600
893;B.S. SMEDEREVSKA PALANKA 3;1;Crvene armije bb;SMEDEREVSKA PALANKA;44.38008800;20.95391000
895;B.S. VELIKA PLANA  AUTOPUT LEVA;1;Autoput Beograd - Niš;VELIKA PLANA;44.34897400;21.07712000
897;B.S. ŠOPIĆI 2;1;Ibarski put;ZEMUN;44.39081700;20.23986300
901;B.S. SJENICA;1;Milorada Jovanoviaa bb;SJENICA;43.27031900;20.01688000
902;B.S. SREMSKA MITROVICA 1;1;Arsenija Čarnojevića 48;SREMSKA MITROVICA;44.97120400;19.61920000
903;B.S. SREMSKA MITROVICA 2;1;Marka Aurelija bb;SREMSKA MITROVICA;44.97281300;19.63765400
904;B.S. SREMSKA MITROVICA 3;1;Konstantina Velikog;SREMSKA MITROVICA;44.97498000;19.59576900
905;B.S. RUMA 1;1;Vladimira Nazora bb;RUMA;45.00098700;19.81566700
914;B.S. BAČEX;1;JNA 133;BAČ;44.97120400;19.61920000
915;B.S. SAVA;1;Bulevar Arsenija Čarnojevića 30 a;NOVI BEOGRAD;44.80968400;20.42685100
919;B.S. PEĆINCI-AUTOPUT;1;Auto-put BG-ZG;PECINCI;44.91974800;19.96132100
926;B.S. CELTIC;1;Vitkovo bb;ALEKSANDROVAC KR;43.27000000;21.13000000
942;B.S. STARA PAZOVA 2;1;Svetosavska bb;STARA PAZOVA;44.98478700;20.16128500
946;B.S. ŠID;1;Đure Jakšića bb;SID;45.12059200;19.22547300
947;B.S. KRNJEŠEVCI;1;Auto-put BG-ZG;KRNJESEVCI;44.87887100;20.12259700
948;PRODAVNICA BR.2 PC NOVI SAD;1;Narodnog fronta 12;NOVI SAD;45.24213600;19.84119300
949;B.S. BAČKA TOPOLA;1;Vašarište bb;BACKA TOPOLA;45.80846900;19.63936500
951;B.S. DUNAV;2;Pančevački put 32d;BEOGRAD;44.83863831;20.49834251
980;BS TOŠIN BUNAR;;TOŠIN BUNAR;Novi  Beograd;44.81464420;20.39428990
981;BS Blok 45;;Blok 45;Novi Beograd;44.80040000;20.37889000
982;BS Blok 66a;;Blok;Novi Beograd;44.81134700;20.40537900
